Workbook

Sheet gdp_cont
B1: 2017 | C1: 2018 | D1: 2019 | E1: 2020 | F1: 2021 | G1: 2022 | H1: 2023 | I1: 2024 | L1: S*P
A2: A | B2: 0.009 | C2: -0.014 | D2: -0.01 | E2: 0.007 | F2: 0 | G2: 0.007 | H2: 0 | I2: 0.007 | K2: 0.05 | L2: 38.5 | N2: 0.63 | O2: 39.13 | Q2: 0.046591099 | S2: =$L$23*Q2 -> 35.875146 | U2: =B2/3 -> 0.003
A3: B | B3: 0.003 | C3: 0.024 | D3: -0.004 | E3: 0.011 | F3: -0.012 | G3: 0.003 | H3: -0.313 | I3: -0.137 | K3: 0.05 | L3: 38.5 | N3: 0.21 | O3: 38.71 | Q3: 0.046091015 | S3: =$L$23*Q3 -> 35.490082
A4: C | B4: 0.115 | C4: 0.052 | D4: -0.105 | E4: 0.105 | F4: 0.093 | G4: -0.107 | H4: 0.332 | I4: -0.07 | K4: 0.05 | L4: 38.5 | N4: 8.05 | O4: 46.55 | Q4: 0.055425904 | S4: =$L$23*Q4 -> 42.677946
A5: D | B5: -0.013 | C5: -0.015 | D5: -0.032 | E5: 0.007 | F5: 0.005 | G5: -0.014 | H5: -0.044 | I5: -0.025 | K5: 0.05 | L5: 38.5 | N5: -0.91 | O5: 37.59 | Q5: 0.04475746 | S5: =$L$23*Q5 -> 34.463244
A6: E | B6: 0.013 | C6: 0.003 | D6: 0.013 | E6: 0.002 | F6: 0.008 | G6: 0.006 | H6: -0.092 | I6: -0.034 | K6: 0.05 | L6: 38.5 | N6: 0.91 | O6: 39.41 | Q6: 0.046924487 | S6: =$L$23*Q6 -> 36.131855
A7: F | B7: 0.187 | C7: 0 | D7: 0.109 | E7: 0.09 | F7: 0.102 | G7: 0.078 | H7: 0.339 | I7: 0.029 | K7: 0.05 | L7: 38.5 | N7: 13.09 | O7: 51.59 | Q7: 0.061426904 | S7: =$L$23*Q7 -> 47.298716
A8: G | B8: 0.085 | C8: 0.202 | D8: 0.216 | E8: 0.076 | F8: 0.115 | G8: -0.059 | H8: -0.518 | I8: 0.023 | K8: 0.05 | L8: 38.5 | N8: 5.95 | O8: 44.45 | Q8: 0.052925488 | S8: =$L$23*Q8 -> 40.752626
A9: H | B9: 0.04 | C9: 0.045 | D9: 0.075 | E9: 0.076 | F9: 0.04 | G9: 0.099 | H9: -0.127 | I9: 0.177 | K9: 0.05 | L9: 38.5 | N9: 2.8 | O9: 41.3 | Q9: 0.049174862 | S9: =$L$23*Q9 -> 37.864644
A10: I | B10: 0.035 | C10: 0.042 | D10: 0.032 | E10: 0.145 | F10: 0.097 | G10: 0.21 | H10: -0.099 | I10: 0.007 | K10: 0.05 | L10: 38.5 | N10: 2.45 | O10: 40.95 | Q10: 0.048758126 | S10: =$L$23*Q10 -> 37.543757
A11: J | B11: 0.175 | C11: 0.211 | D11: 0.297 | E11: 0.059 | F11: 0.036 | G11: 0.126 | H11: 0.281 | I11: 0.063 | K11: 0.05 | L11: 38.5 | N11: 12.25 | O11: 50.75 | Q11: 0.060426738 | S11: =$L$23*Q11 -> 46.528588
A12: K | B12: 0.013 | C12: -0.048 | D12: -0.143 | E12: 0.023 | F12: 0.018 | G12: -0.013 | H12: -0.161 | I12: -0.078 | K12: 0.05 | L12: 38.5 | N12: 0.91 | O12: 39.41 | Q12: 0.046924487 | S12: =$L$23*Q12 -> 36.131855
A13: L | B13: 0.061 | C13: 0.05 | D13: 0.062 | E13: 0.017 | F13: -0.003 | G13: -0.013 | H13: -0.175 | I13: 0.084 | K13: 0.05 | L13: 38.5 | N13: 4.27 | O13: 42.77 | Q13: 0.050925154 | S13: =$L$23*Q13 -> 39.212369
A14: M | B14: 0.145 | C14: 0.226 | D14: 0.106 | E14: 0.044 | F14: 0.083 | G14: 0.12 | H14: 0.175 | I14: 0.326 | K14: 0.05 | L14: 38.5 | N14: 10.15 | O14: 48.65 | Q14: 0.057926321 | S14: =$L$23*Q14 -> 44.603267
... A21: T | B21: -0.014 | C21: 0.007 | D21: -0.02 | E21: 0.014 | F21: 0.004 | G21: -0.002 | H21: -0.055 | I21: -0.006 | K21: 0.05 | L21: 38.5 | N21: -0.98 | O21: 37.52 | Q21: 0.044674112 | S21: =$L$23*Q21 -> 34.399066
B23: =SUM(B2:B22) -> 0.998 | C23: =SUM(C2:C22) -> 0.996 | D23: =SUM(D2:D22) -> 0.989 | E23: =SUM(E2:E22) -> 1.003 | F23: =SUM(F2:F22) -> 1.036 | G23: =SUM(G2:G22) -> 1.047 | H23: =SUM(H2:H22) -> 1.001 | I23: =SUM(I2:I22) -> 1.002 | K23: 700 | L23: 770 | N23: 69.86 | O23: 839.86 | Q23: 1

Sheet sector_to_sic
C1: 2017 | D1: 2018 | E1: 2019 | F1: 2020 | G1: 2021 | H1: 2022 | I1: 2023 | J1: 2024 | L1: 2017 | M1: 2018 | N1: 2019 | O1: 2020 | P1: 2021 | Q1: 2022 | R1: 2023 | S1: 2024 | U1: 2017 | V1: 2018 | W1: 2019 | X1: 2020 | Y1: 2021 | Z1: 2022 | AA1: 2023 | AB1: 2024
A2: UK Products of agriculture, hunting and related services | B2: A | C2: =VLOOKUP($B2,gdp_cont!$A$2:$I$21,2,FALSE) -> 0.009 | D2: =VLOOKUP($B2,gdp_cont!$A$2:$I$21,3,FALSE) -> -0.014 | E2: =VLOOKUP($B2,gdp_cont!$A$2:$I$21,4,FALSE) -> -0.01 | F2: =VLOOKUP($B2,gdp_cont!$A$2:$I$21,5,FALSE) -> 0.007 | G2: =VLOOKUP($B2,gdp_cont!$A$2:$I$21,6,FALSE) -> 0 | H2: =VLOOKUP($B2,gdp_cont!$A$2:$I$21,7,FALSE) -> 0.007 | I2: =VLOOKUP($B2,gdp_cont!$A$2:$I$21,8,FALSE) -> 0 | J2: =VLOOKUP($B2,gdp_cont!$A$2:$I$21,9,FALSE) -> 0.007 | L2: =C2/COUNTIFS($B$2:$B$113,$B2) -> 0.003 | M2: =D2/COUNTIFS($B$2:$B$113,$B2) -> -0.0046666667 | N2: =E2/COUNTIFS($B$2:$B$113,$B2) -> -0.0033333333 | O2: =F2/COUNTIFS($B$2:$B$113,$B2) -> 0.0023333333 | P2: =G2/COUNTIFS($B$2:$B$113,$B2) -> 0 | Q2: =H2/COUNTIFS($B$2:$B$113,$B2) -> 0.0023333333 | R2: =I2/COUNTIFS($B$2:$B$113,$B2) -> 0 | S2: =J2/COUNTIFS($B$2:$B$113,$B2) -> 0.0023333333 | U2: =L2/L$115 -> 0.003006012 | V2: =M2/M$115 -> -0.0046854083 | W2: =N2/N$115 -> -0.0033704078 | X2: =O2/O$115 -> 0.0023263543 | Y2: =P2/P$115 -> 0 | Z2: =Q2/Q$115 -> 0.0022285896 | AA2: =R2/R$115 -> 0 | AB2: =S2/S$115 -> 0.002328676
A3: UK Products of forestry, logging and related services | B3: A | C3: =VLOOKUP($B3,gdp_cont!$A$2:$I$21,2,FALSE) -> 0.009 | D3: =VLOOKUP($B3,gdp_cont!$A$2:$I$21,3,FALSE) -> -0.014 | E3: =VLOOKUP($B3,gdp_cont!$A$2:$I$21,4,FALSE) -> -0.01 | F3: =VLOOKUP($B3,gdp_cont!$A$2:$I$21,5,FALSE) -> 0.007 | G3: =VLOOKUP($B3,gdp_cont!$A$2:$I$21,6,FALSE) -> 0 | H3: =VLOOKUP($B3,gdp_cont!$A$2:$I$21,7,FALSE) -> 0.007 | I3: =VLOOKUP($B3,gdp_cont!$A$2:$I$21,8,FALSE) -> 0 | J3: =VLOOKUP($B3,gdp_cont!$A$2:$I$21,9,FALSE) -> 0.007 | L3: =C3/COUNTIFS($B$2:$B$113,$B3) -> 0.003 | M3: =D3/COUNTIFS($B$2:$B$113,$B3) -> -0.0046666667 | N3: =E3/COUNTIFS($B$2:$B$113,$B3) -> -0.0033333333 | O3: =F3/COUNTIFS($B$2:$B$113,$B3) -> 0.0023333333 | P3: =G3/COUNTIFS($B$2:$B$113,$B3) -> 0 | Q3: =H3/COUNTIFS($B$2:$B$113,$B3) -> 0.0023333333 | R3: =I3/COUNTIFS($B$2:$B$113,$B3) -> 0 | S3: =J3/COUNTIFS($B$2:$B$113,$B3) -> 0.0023333333 | U3: =L3/L$115 -> 0.003006012 | V3: =M3/M$115 -> -0.0046854083 | W3: =N3/N$115 -> -0.0033704078 | X3: =O3/O$115 -> 0.0023263543 | Y3: =P3/P$115 -> 0 | Z3: =Q3/Q$115 -> 0.0022285896 | AA3: =R3/R$115 -> 0 | AB3: =S3/S$115 -> 0.002328676
A4: UK Fish and other fishing products; aquaculture products; support services to fishing | B4: A | C4: =VLOOKUP($B4,gdp_cont!$A$2:$I$21,2,FALSE) -> 0.009 | D4: =VLOOKUP($B4,gdp_cont!$A$2:$I$21,3,FALSE) -> -0.014 | E4: =VLOOKUP($B4,gdp_cont!$A$2:$I$21,4,FALSE) -> -0.01 | F4: =VLOOKUP($B4,gdp_cont!$A$2:$I$21,5,FALSE) -> 0.007 | G4: =VLOOKUP($B4,gdp_cont!$A$2:$I$21,6,FALSE) -> 0 | H4: =VLOOKUP($B4,gdp_cont!$A$2:$I$21,7,FALSE) -> 0.007 | I4: =VLOOKUP($B4,gdp_cont!$A$2:$I$21,8,FALSE) -> 0 | J4: =VLOOKUP($B4,gdp_cont!$A$2:$I$21,9,FALSE) -> 0.007 | L4: =C4/COUNTIFS($B$2:$B$113,$B4) -> 0.003 | M4: =D4/COUNTIFS($B$2:$B$113,$B4) -> -0.0046666667 | N4: =E4/COUNTIFS($B$2:$B$113,$B4) -> -0.0033333333 | O4: =F4/COUNTIFS($B$2:$B$113,$B4) -> 0.0023333333 | P4: =G4/COUNTIFS($B$2:$B$113,$B4) -> 0 | Q4: =H4/COUNTIFS($B$2:$B$113,$B4) -> 0.0023333333 | R4: =I4/COUNTIFS($B$2:$B$113,$B4) -> 0 | S4: =J4/COUNTIFS($B$2:$B$113,$B4) -> 0.0023333333 | U4: =L4/L$115 -> 0.003006012 | V4: =M4/M$115 -> -0.0046854083 | W4: =N4/N$115 -> -0.0033704078 | X4: =O4/O$115 -> 0.0023263543 | Y4: =P4/P$115 -> 0 | Z4: =Q4/Q$115 -> 0.0022285896 | AA4: =R4/R$115 -> 0 | AB4: =S4/S$115 -> 0.002328676
A5: UK Coal and lignite | B5: B | C5: =VLOOKUP($B5,gdp_cont!$A$2:$I$21,2,FALSE) -> 0.003 | D5: =VLOOKUP($B5,gdp_cont!$A$2:$I$21,3,FALSE) -> 0.024 | E5: =VLOOKUP($B5,gdp_cont!$A$2:$I$21,4,FALSE) -> -0.004 | F5: =VLOOKUP($B5,gdp_cont!$A$2:$I$21,5,FALSE) -> 0.011 | G5: =VLOOKUP($B5,gdp_cont!$A$2:$I$21,6,FALSE) -> -0.012 | H5: =VLOOKUP($B5,gdp_cont!$A$2:$I$21,7,FALSE) -> 0.003 | I5: =VLOOKUP($B5,gdp_cont!$A$2:$I$21,8,FALSE) -> -0.313 | J5: =VLOOKUP($B5,gdp_cont!$A$2:$I$21,9,FALSE) -> -0.137 | L5: =C5/COUNTIFS($B$2:$B$113,$B5) -> 0.0006 | M5: =D5/COUNTIFS($B$2:$B$113,$B5) -> 0.0048 | N5: =E5/COUNTIFS($B$2:$B$113,$B5) -> -0.0008 | O5: =F5/COUNTIFS($B$2:$B$113,$B5) -> 0.0022 | P5: =G5/COUNTIFS($B$2:$B$113,$B5) -> -0.0024 | Q5: =H5/COUNTIFS($B$2:$B$113,$B5) -> 0.0006 | R5: =I5/COUNTIFS($B$2:$B$113,$B5) -> -0.0626 | S5: =J5/COUNTIFS($B$2:$B$113,$B5) -> -0.0274 | U5: =L5/L$115 -> 0.0006012024 | V5: =M5/M$115 -> 0.0048192771 | W5: =N5/N$115 -> -0.00080889788 | X5: =O5/O$115 -> 0.0021934197 | Y5: =P5/P$115 -> -0.0023166023 | Z5: =Q5/Q$115 -> 0.0005730659 | AA5: =R5/R$115 -> -0.062537463 | AB5: =S5/S$115 -> -0.027345309
A6: UK Crude petroleum and natural gas | B6: B | C6: =VLOOKUP($B6,gdp_cont!$A$2:$I$21,2,FALSE) -> 0.003 | D6: =VLOOKUP($B6,gdp_cont!$A$2:$I$21,3,FALSE) -> 0.024 | E6: =VLOOKUP($B6,gdp_cont!$A$2:$I$21,4,FALSE) -> -0.004 | F6: =VLOOKUP($B6,gdp_cont!$A$2:$I$21,5,FALSE) -> 0.011 | G6: =VLOOKUP($B6,gdp_cont!$A$2:$I$21,6,FALSE) -> -0.012 | H6: =VLOOKUP($B6,gdp_cont!$A$2:$I$21,7,FALSE) -> 0.003 | I6: =VLOOKUP($B6,gdp_cont!$A$2:$I$21,8,FALSE) -> -0.313 | J6: =VLOOKUP($B6,gdp_cont!$A$2:$I$21,9,FALSE) -> -0.137 | L6: =C6/COUNTIFS($B$2:$B$113,$B6) -> 0.0006 | M6: =D6/COUNTIFS($B$2:$B$113,$B6) -> 0.0048 | N6: =E6/COUNTIFS($B$2:$B$113,$B6) -> -0.0008 | O6: =F6/COUNTIFS($B$2:$B$113,$B6) -> 0.0022 | P6: =G6/COUNTIFS($B$2:$B$113,$B6) -> -0.0024 | Q6: =H6/COUNTIFS($B$2:$B$113,$B6) -> 0.0006 | R6: =I6/COUNTIFS($B$2:$B$113,$B6) -> -0.0626 | S6: =J6/COUNTIFS($B$2:$B$113,$B6) -> -0.0274 | U6: =L6/L$115 -> 0.0006012024 | V6: =M6/M$115 -> 0.0048192771 | W6: =N6/N$115 -> -0.00080889788 | X6: =O6/O$115 -> 0.0021934197 | Y6: =P6/P$115 -> -0.0023166023 | Z6: =Q6/Q$115 -> 0.0005730659 | AA6: =R6/R$115 -> -0.062537463 | AB6: =S6/S$115 -> -0.027345309
A7: UK Metal ores | B7: B | C7: =VLOOKUP($B7,gdp_cont!$A$2:$I$21,2,FALSE) -> 0.003 | D7: =VLOOKUP($B7,gdp_cont!$A$2:$I$21,3,FALSE) -> 0.024 | E7: =VLOOKUP($B7,gdp_cont!$A$2:$I$21,4,FALSE) -> -0.004 | F7: =VLOOKUP($B7,gdp_cont!$A$2:$I$21,5,FALSE) -> 0.011 | G7: =VLOOKUP($B7,gdp_cont!$A$2:$I$21,6,FALSE) -> -0.012 | H7: =VLOOKUP($B7,gdp_cont!$A$2:$I$21,7,FALSE) -> 0.003 | I7: =VLOOKUP($B7,gdp_cont!$A$2:$I$21,8,FALSE) -> -0.313 | J7: =VLOOKUP($B7,gdp_cont!$A$2:$I$21,9,FALSE) -> -0.137 | L7: =C7/COUNTIFS($B$2:$B$113,$B7) -> 0.0006 | M7: =D7/COUNTIFS($B$2:$B$113,$B7) -> 0.0048 | N7: =E7/COUNTIFS($B$2:$B$113,$B7) -> -0.0008 | O7: =F7/COUNTIFS($B$2:$B$113,$B7) -> 0.0022 | P7: =G7/COUNTIFS($B$2:$B$113,$B7) -> -0.0024 | Q7: =H7/COUNTIFS($B$2:$B$113,$B7) -> 0.0006 | R7: =I7/COUNTIFS($B$2:$B$113,$B7) -> -0.0626 | S7: =J7/COUNTIFS($B$2:$B$113,$B7) -> -0.0274 | U7: =L7/L$115 -> 0.0006012024 | V7: =M7/M$115 -> 0.0048192771 | W7: =N7/N$115 -> -0.00080889788 | X7: =O7/O$115 -> 0.0021934197 | Y7: =P7/P$115 -> -0.0023166023 | Z7: =Q7/Q$115 -> 0.0005730659 | AA7: =R7/R$115 -> -0.062537463 | AB7: =S7/S$115 -> -0.027345309
A8: UK Other mining and quarrying products | B8: B | C8: =VLOOKUP($B8,gdp_cont!$A$2:$I$21,2,FALSE) -> 0.003 | D8: =VLOOKUP($B8,gdp_cont!$A$2:$I$21,3,FALSE) -> 0.024 | E8: =VLOOKUP($B8,gdp_cont!$A$2:$I$21,4,FALSE) -> -0.004 | F8: =VLOOKUP($B8,gdp_cont!$A$2:$I$21,5,FALSE) -> 0.011 | G8: =VLOOKUP($B8,gdp_cont!$A$2:$I$21,6,FALSE) -> -0.012 | H8: =VLOOKUP($B8,gdp_cont!$A$2:$I$21,7,FALSE) -> 0.003 | I8: =VLOOKUP($B8,gdp_cont!$A$2:$I$21,8,FALSE) -> -0.313 | J8: =VLOOKUP($B8,gdp_cont!$A$2:$I$21,9,FALSE) -> -0.137 | L8: =C8/COUNTIFS($B$2:$B$113,$B8) -> 0.0006 | M8: =D8/COUNTIFS($B$2:$B$113,$B8) -> 0.0048 | N8: =E8/COUNTIFS($B$2:$B$113,$B8) -> -0.0008 | O8: =F8/COUNTIFS($B$2:$B$113,$B8) -> 0.0022 | P8: =G8/COUNTIFS($B$2:$B$113,$B8) -> -0.0024 | Q8: =H8/COUNTIFS($B$2:$B$113,$B8) -> 0.0006 | R8: =I8/COUNTIFS($B$2:$B$113,$B8) -> -0.0626 | S8: =J8/COUNTIFS($B$2:$B$113,$B8) -> -0.0274 | U8: =L8/L$115 -> 0.0006012024 | V8: =M8/M$115 -> 0.0048192771 | W8: =N8/N$115 -> -0.00080889788 | X8: =O8/O$115 -> 0.0021934197 | Y8: =P8/P$115 -> -0.0023166023 | Z8: =Q8/Q$115 -> 0.0005730659 | AA8: =R8/R$115 -> -0.062537463 | AB8: =S8/S$115 -> -0.027345309
A9: UK Mining support services | B9: B | C9: =VLOOKUP($B9,gdp_cont!$A$2:$I$21,2,FALSE) -> 0.003 | D9: =VLOOKUP($B9,gdp_cont!$A$2:$I$21,3,FALSE) -> 0.024 | E9: =VLOOKUP($B9,gdp_cont!$A$2:$I$21,4,FALSE) -> -0.004 | F9: =VLOOKUP($B9,gdp_cont!$A$2:$I$21,5,FALSE) -> 0.011 | G9: =VLOOKUP($B9,gdp_cont!$A$2:$I$21,6,FALSE) -> -0.012 | H9: =VLOOKUP($B9,gdp_cont!$A$2:$I$21,7,FALSE) -> 0.003 | I9: =VLOOKUP($B9,gdp_cont!$A$2:$I$21,8,FALSE) -> -0.313 | J9: =VLOOKUP($B9,gdp_cont!$A$2:$I$21,9,FALSE) -> -0.137 | L9: =C9/COUNTIFS($B$2:$B$113,$B9) -> 0.0006 | M9: =D9/COUNTIFS($B$2:$B$113,$B9) -> 0.0048 | N9: =E9/COUNTIFS($B$2:$B$113,$B9) -> -0.0008 | O9: =F9/COUNTIFS($B$2:$B$113,$B9) -> 0.0022 | P9: =G9/COUNTIFS($B$2:$B$113,$B9) -> -0.0024 | Q9: =H9/COUNTIFS($B$2:$B$113,$B9) -> 0.0006 | R9: =I9/COUNTIFS($B$2:$B$113,$B9) -> -0.0626 | S9: =J9/COUNTIFS($B$2:$B$113,$B9) -> -0.0274 | U9: =L9/L$115 -> 0.0006012024 | V9: =M9/M$115 -> 0.0048192771 | W9: =N9/N$115 -> -0.00080889788 | X9: =O9/O$115 -> 0.0021934197 | Y9: =P9/P$115 -> -0.0023166023 | Z9: =Q9/Q$115 -> 0.0005730659 | AA9: =R9/R$115 -> -0.062537463 | AB9: =S9/S$115 -> -0.027345309
A10: UK Preserved meat and meat products | B10: C | C10: =VLOOKUP($B10,gdp_cont!$A$2:$I$21,2,FALSE) -> 0.115 | D10: =VLOOKUP($B10,gdp_cont!$A$2:$I$21,3,FALSE) -> 0.052 | E10: =VLOOKUP($B10,gdp_cont!$A$2:$I$21,4,FALSE) -> -0.105 | F10: =VLOOKUP($B10,gdp_cont!$A$2:$I$21,5,FALSE) -> 0.105 | G10: =VLOOKUP($B10,gdp_cont!$A$2:$I$21,6,FALSE) -> 0.093 | H10: =VLOOKUP($B10,gdp_cont!$A$2:$I$21,7,FALSE) -> -0.107 | I10: =VLOOKUP($B10,gdp_cont!$A$2:$I$21,8,FALSE) -> 0.332 | J10: =VLOOKUP($B10,gdp_cont!$A$2:$I$21,9,FALSE) -> -0.07 | L10: =C10/COUNTIFS($B$2:$B$113,$B10) -> 0.0026136364 | M10: =D10/COUNTIFS($B$2:$B$113,$B10) -> 0.0011818182 | N10: =E10/COUNTIFS($B$2:$B$113,$B10) -> -0.0023863636 | O10: =F10/COUNTIFS($B$2:$B$113,$B10) -> 0.0023863636 | P10: =G10/COUNTIFS($B$2:$B$113,$B10) -> 0.0021136364 | Q10: =H10/COUNTIFS($B$2:$B$113,$B10) -> -0.0024318182 | R10: =I10/COUNTIFS($B$2:$B$113,$B10) -> 0.0075454545 | S10: =J10/COUNTIFS($B$2:$B$113,$B10) -> -0.0015909091 | U10: =L10/L$115 -> 0.0026188741 | V10: =M10/M$115 -> 0.0011865644 | W10: =N10/N$115 -> -0.0024129056 | X10: =O10/O$115 -> 0.002379226 | Y10: =P10/P$115 -> 0.0020401895 | Z10: =Q10/Q$115 -> -0.0023226535 | AA10: =R10/R$115 -> 0.0075379166 | AB10: =S10/S$115 -> -0.0015877336
A11: UK Processed and preserved fish, crustaceans, molluscs, fruit and vegetables | B11: C | C11: =VLOOKUP($B11,gdp_cont!$A$2:$I$21,2,FALSE) -> 0.115 | D11: =VLOOKUP($B11,gdp_cont!$A$2:$I$21,3,FALSE) -> 0.052 | E11: =VLOOKUP($B11,gdp_cont!$A$2:$I$21,4,FALSE) -> -0.105 | F11: =VLOOKUP($B11,gdp_cont!$A$2:$I$21,5,FALSE) -> 0.105 | G11: =VLOOKUP($B11,gdp_cont!$A$2:$I$21,6,FALSE) -> 0.093 | H11: =VLOOKUP($B11,gdp_cont!$A$2:$I$21,7,FALSE) -> -0.107 | I11: =VLOOKUP($B11,gdp_cont!$A$2:$I$21,8,FALSE) -> 0.332 | J11: =VLOOKUP($B11,gdp_cont!$A$2:$I$21,9,FALSE) -> -0.07 | L11: =C11/COUNTIFS($B$2:$B$113,$B11) -> 0.0026136364 | M11: =D11/COUNTIFS($B$2:$B$113,$B11) -> 0.0011818182 | N11: =E11/COUNTIFS($B$2:$B$113,$B11) -> -0.0023863636 | O11: =F11/COUNTIFS($B$2:$B$113,$B11) -> 0.0023863636 | P11: =G11/COUNTIFS($B$2:$B$113,$B11) -> 0.0021136364 | Q11: =H11/COUNTIFS($B$2:$B$113,$B11) -> -0.0024318182 | R11: =I11/COUNTIFS($B$2:$B$113,$B11) -> 0.0075454545 | S11: =J11/COUNTIFS($B$2:$B$113,$B11) -> -0.0015909091 | U11: =L11/L$115 -> 0.0026188741 | V11: =M11/M$115 -> 0.0011865644 | W11: =N11/N$115 -> -0.0024129056 | X11: =O11/O$115 -> 0.002379226 | Y11: =P11/P$115 -> 0.0020401895 | Z11: =Q11/Q$115 -> -0.0023226535 | AA11: =R11/R$115 -> 0.0075379166 | AB11: =S11/S$115 -> -0.0015877336
A12: UK Vegetable and animal oils and fats | B12: C | C12: =VLOOKUP($B12,gdp_cont!$A$2:$I$21,2,FALSE) -> 0.115 | D12: =VLOOKUP($B12,gdp_cont!$A$2:$I$21,3,FALSE) -> 0.052 | E12: =VLOOKUP($B12,gdp_cont!$A$2:$I$21,4,FALSE) -> -0.105 | F12: =VLOOKUP($B12,gdp_cont!$A$2:$I$21,5,FALSE) -> 0.105 | G12: =VLOOKUP($B12,gdp_cont!$A$2:$I$21,6,FALSE) -> 0.093 | H12: =VLOOKUP($B12,gdp_cont!$A$2:$I$21,7,FALSE) -> -0.107 | I12: =VLOOKUP($B12,gdp_cont!$A$2:$I$21,8,FALSE) -> 0.332 | J12: =VLOOKUP($B12,gdp_cont!$A$2:$I$21,9,FALSE) -> -0.07 | L12: =C12/COUNTIFS($B$2:$B$113,$B12) -> 0.0026136364 | M12: =D12/COUNTIFS($B$2:$B$113,$B12) -> 0.0011818182 | N12: =E12/COUNTIFS($B$2:$B$113,$B12) -> -0.0023863636 | O12: =F12/COUNTIFS($B$2:$B$113,$B12) -> 0.0023863636 | P12: =G12/COUNTIFS($B$2:$B$113,$B12) -> 0.0021136364 | Q12: =H12/COUNTIFS($B$2:$B$113,$B12) -> -0.0024318182 | R12: =I12/COUNTIFS($B$2:$B$113,$B12) -> 0.0075454545 | S12: =J12/COUNTIFS($B$2:$B$113,$B12) -> -0.0015909091 | U12: =L12/L$115 -> 0.0026188741 | V12: =M12/M$115 -> 0.0011865644 | W12: =N12/N$115 -> -0.0024129056 | X12: =O12/O$115 -> 0.002379226 | Y12: =P12/P$115 -> 0.0020401895 | Z12: =Q12/Q$115 -> -0.0023226535 | AA12: =R12/R$115 -> 0.0075379166 | AB12: =S12/S$115 -> -0.0015877336
A13: UK Dairy products | B13: C | C13: =VLOOKUP($B13,gdp_cont!$A$2:$I$21,2,FALSE) -> 0.115 | D13: =VLOOKUP($B13,gdp_cont!$A$2:$I$21,3,FALSE) -> 0.052 | E13: =VLOOKUP($B13,gdp_cont!$A$2:$I$21,4,FALSE) -> -0.105 | F13: =VLOOKUP($B13,gdp_cont!$A$2:$I$21,5,FALSE) -> 0.105 | G13: =VLOOKUP($B13,gdp_cont!$A$2:$I$21,6,FALSE) -> 0.093 | H13: =VLOOKUP($B13,gdp_cont!$A$2:$I$21,7,FALSE) -> -0.107 | I13: =VLOOKUP($B13,gdp_cont!$A$2:$I$21,8,FALSE) -> 0.332 | J13: =VLOOKUP($B13,gdp_cont!$A$2:$I$21,9,FALSE) -> -0.07 | L13: =C13/COUNTIFS($B$2:$B$113,$B13) -> 0.0026136364 | M13: =D13/COUNTIFS($B$2:$B$113,$B13) -> 0.0011818182 | N13: =E13/COUNTIFS($B$2:$B$113,$B13) -> -0.0023863636 | O13: =F13/COUNTIFS($B$2:$B$113,$B13) -> 0.0023863636 | P13: =G13/COUNTIFS($B$2:$B$113,$B13) -> 0.0021136364 | Q13: =H13/COUNTIFS($B$2:$B$113,$B13) -> -0.0024318182 | R13: =I13/COUNTIFS($B$2:$B$113,$B13) -> 0.0075454545 | S13: =J13/COUNTIFS($B$2:$B$113,$B13) -> -0.0015909091 | U13: =L13/L$115 -> 0.0026188741 | V13: =M13/M$115 -> 0.0011865644 | W13: =N13/N$115 -> -0.0024129056 | X13: =O13/O$115 -> 0.002379226 | Y13: =P13/P$115 -> 0.0020401895 | Z13: =Q13/Q$115 -> -0.0023226535 | AA13: =R13/R$115 -> 0.0075379166 | AB13: =S13/S$115 -> -0.0015877336
... A113: UK Services of households as employers of domestic personnel | B113: T | C113: =VLOOKUP($B113,gdp_cont!$A$2:$I$21,2,FALSE) -> -0.014 | D113: =VLOOKUP($B113,gdp_cont!$A$2:$I$21,3,FALSE) -> 0.007 | E113: =VLOOKUP($B113,gdp_cont!$A$2:$I$21,4,FALSE) -> -0.02 | F113: =VLOOKUP($B113,gdp_cont!$A$2:$I$21,5,FALSE) -> 0.014 | G113: =VLOOKUP($B113,gdp_cont!$A$2:$I$21,6,FALSE) -> 0.004 | H113: =VLOOKUP($B113,gdp_cont!$A$2:$I$21,7,FALSE) -> -0.002 | I113: =VLOOKUP($B113,gdp_cont!$A$2:$I$21,8,FALSE) -> -0.055 | J113: =VLOOKUP($B113,gdp_cont!$A$2:$I$21,9,FALSE) -> -0.006 | L113: =C113/COUNTIFS($B$2:$B$113,$B113) -> -0.014 | M113: =D113/COUNTIFS($B$2:$B$113,$B113) -> 0.007 | N113: =E113/COUNTIFS($B$2:$B$113,$B113) -> -0.02 | O113: =F113/COUNTIFS($B$2:$B$113,$B113) -> 0.014 | P113: =G113/COUNTIFS($B$2:$B$113,$B113) -> 0.004 | Q113: =H113/COUNTIFS($B$2:$B$113,$B113) -> -0.002 | R113: =I113/COUNTIFS($B$2:$B$113,$B113) -> -0.055 | S113: =J113/COUNTIFS($B$2:$B$113,$B113) -> -0.006 | U113: =L113/L$115 -> -0.014028056 | V113: =M113/M$115 -> 0.0070281124 | W113: =N113/N$115 -> -0.020222447 | X113: =O113/O$115 -> 0.013958126 | Y113: =P113/P$115 -> 0.0038610039 | Z113: =Q113/Q$115 -> -0.0019102197 | AA113: =R113/R$115 -> -0.054945055 | AB113: =S113/S$115 -> -0.005988024
C115: =SUM(C2:C113) -> 9.361 | D115: =SUM(D2:D113) -> 7.267 | E115: =SUM(E2:E113) -> 0.16 | F115: =SUM(F2:F113) -> 8.03 | G115: =SUM(G2:G113) -> 7.385 | H115: =SUM(H2:H113) -> 0.13 | I115: =SUM(I2:I113) -> 19.135 | J115: =SUM(J2:J113) -> 2.114 | L115: =SUM(L2:L113) -> 0.998 | M115: =SUM(M2:M113) -> 0.996 | N115: =SUM(N2:N113) -> 0.989 | O115: =SUM(O2:O113) -> 1.003 | P115: =SUM(P2:P113) -> 1.036 | Q115: =SUM(Q2:Q113) -> 1.047 | R115: =SUM(R2:R113) -> 1.001 | S115: =SUM(S2:S113) -> 1.002 | U115: =SUM(U2:U113) -> 1 | V115: =SUM(V2:V113) -> 1 | W115: =SUM(W2:W113) -> 1 | X115: =SUM(X2:X113) -> 1 | Y115: =SUM(Y2:Y113) -> 1 | Z115: =SUM(Z2:Z113) -> 1 | AA115: =SUM(AA2:AA113) -> 1 | AB115: =SUM(AB2:AB113) -> 1
